OBJECTID,CollarID,Date_MMDDY,Speed_mph,Heading,y,x
146732,856,11/2/2008,0,310,40.362958,-105.56125
146733,856,11/2/2008,0,215,40.363433,-105.56025
146744,856,11/2/2008,0,0,40.363683,-105.56015
146739,856,11/2/2008,0,5,40.363608,-105.560116
146735,856,11/2/2008,0,335,40.363541,-105.560108
146742,856,11/2/2008,0,10,40.3637,-105.5601
146734,856,11/2/2008,0,35,40.363541,-105.560058
146741,856,11/2/2008,0,115,40.363575,-105.560016
146743,856,11/2/2008,0,0,40.36315,-105.56
146740,856,11/2/2008,0,305,40.363408,-105.559958
146737,856,11/2/2008,0,300,40.363566,-105.559933
146738,856,11/2/2008,0,115,40.363441,-105.559741
146736,856,11/2/2008,0,205,40.363708,-105.559733
146731,856,11/2/2008,0,225,40.364508,-105.559208
146748,856,11/3/2008,0,295,40.363566,-105.560441
146763,856,11/3/2008,0,85,40.363558,-105.560283
146754,856,11/3/2008,0,210,40.363225,-105.560208
146757,856,11/3/2008,0,20,40.363483,-105.560183
146753,856,11/3/2008,0,205,40.363341,-105.56015
146749,856,11/3/2008,0,355,40.363516,-105.560141
146780,856,11/3/2008,0,225,40.363475,-105.560125
146772,856,11/3/2008,0,25,40.363425,-105.560116
146756,856,11/3/2008,0,340,40.363458,-105.5601
146761,856,11/3/2008,0,75,40.363533,-105.560091
146750,856,11/3/2008,0,315,40.36345,-105.560083
146766,856,11/3/2008,0,340,40.3635,-105.560075
146764,856,11/3/2008,0,195,40.363358,-105.560066
146751,856,11/3/2008,0,115,40.363425,-105.560058
146760,856,11/3/2008,0,285,40.363566,-105.560058
146755,856,11/3/2008,0,25,40.363491,-105.56005
146759,856,11/3/2008,0,170,40.363666,-105.560041
146776,856,11/3/2008,0,290,40.363583,-105.560033
146779,856,11/3/2008,0,205,40.363583,-105.560033
146758,856,11/3/2008,0,355,40.363591,-105.560025
146768,856,11/3/2008,0,290,40.363541,-105.560025
146767,856,11/3/2008,0,350,40.363508,-105.560016
146777,856,11/3/2008,0,295,40.363566,-105.560008
146746,856,11/3/2008,0,80,40.363575,-105.56
146769,856,11/3/2008,0,30,40.363575,-105.56
146771,856,11/3/2008,0,55,40.363616,-105.56
146774,856,11/3/2008,0,180,40.3635,-105.56
146770,856,11/3/2008,0,275,40.363558,-105.559991
146775,856,11/3/2008,0,210,40.363666,-105.559975
146752,856,11/3/2008,0,10,40.363516,-105.559966
146747,856,11/3/2008,0,10,40.363475,-105.559958
146778,856,11/3/2008,0,330,40.363483,-105.559958
146781,856,11/3/2008,0,275,40.363733,-105.559958
146765,856,11/3/2008,0,175,40.363525,-105.559941
146745,856,11/3/2008,0,335,40.363483,-105.559916
146762,856,11/3/2008,0,130,40.363441,-105.5599
146773,856,11/3/2008,0,215,40.363633,-105.559858
146782,856,11/3/2008,0,205,40.363725,-105.5598
146816,856,11/7/2008,0,245,40.415933,-105.646525
146812,856,11/7/2008,0,305,40.412341,-105.644525
146819,856,11/7/2008,1.2,290,40.410891,-105.643533
146815,856,11/7/2008,0,145,40.4123,-105.643416
146817,856,11/7/2008,0,130,40.415616,-105.642575
146818,856,11/7/2008,5.8,300,40.414458,-105.641991
146814,856,11/7/2008,0,120,40.410191,-105.640366
146811,856,11/7/2008,0,205,40.396883,-105.601283
146813,856,11/7/2008,0,140,40.36775,-105.581883
146810,856,11/7/2008,31.1,300,40.368325,-105.56495
146808,856,11/7/2008,0,335,40.366608,-105.5612
146809,856,11/7/2008,0,275,40.366616,-105.561141
146807,856,11/7/2008,0,335,40.36655,-105.561066
146783,856,11/7/2008,0,315,40.363783,-105.560466
146800,856,11/7/2008,0,170,40.363658,-105.560208
146788,856,11/7/2008,0,185,40.363791,-105.559991
146799,856,11/7/2008,0,245,40.363816,-105.559983
146798,856,11/7/2008,0,275,40.363758,-105.559958
146801,856,11/7/2008,0,145,40.363825,-105.559941
146784,856,11/7/2008,0,290,40.363766,-105.559925
146794,856,11/7/2008,0,5,40.363658,-105.559925
146802,856,11/7/2008,0,255,40.363741,-105.559916
146793,856,11/7/2008,0,230,40.363783,-105.559908
146803,856,11/7/2008,0,325,40.363783,-105.5599
146789,856,11/7/2008,0,265,40.363716,-105.559891
146792,856,11/7/2008,0,175,40.363708,-105.559891
146786,856,11/7/2008,0,225,40.363683,-105.559816
146804,856,11/7/2008,0,125,40.363716,-105.559791
146796,856,11/7/2008,0,315,40.363683,-105.559775
146805,856,11/7/2008,0,130,40.363591,-105.559775
146787,856,11/7/2008,0,125,40.363716,-105.55975
146791,856,11/7/2008,0,340,40.363508,-105.55975
146806,856,11/7/2008,0,315,40.363666,-105.5597
146795,856,11/7/2008,0,25,40.364191,-105.559666
146785,856,11/7/2008,0,325,40.363583,-105.55965
146790,856,11/7/2008,0,75,40.363783,-105.559591
146797,856,11/7/2008,0,95,40.363766,-105.559383
146820,856,11/7/2008,0,300,40.388133,-105.523066
146852,856,11/8/2008,0,260,40.363025,-105.560625
146831,856,11/8/2008,0,155,40.364075,-105.56045
146830,856,11/8/2008,0,330,40.363691,-105.560208
146851,856,11/8/2008,0,195,40.36305,-105.560133
146843,856,11/8/2008,0,305,40.363641,-105.560116
146866,856,11/8/2008,0,285,40.36345,-105.560108
146848,856,11/8/2008,0,75,40.363491,-105.5601
146845,856,11/8/2008,0,0,40.363458,-105.560083
146846,856,11/8/2008,0,95,40.3635,-105.560066
146855,856,11/8/2008,0,355,40.363866,-105.560066
146865,856,11/8/2008,0,0,40.363491,-105.560066
146824,856,11/8/2008,0,290,40.363641,-105.560058
146826,856,11/8/2008,0,20,40.363558,-105.560058
146833,856,11/8/2008,0,245,40.363558,-105.560058
146840,856,11/8/2008,0,40,40.36345,-105.560058
146858,856,11/8/2008,0,50,40.363575,-105.560058
146836,856,11/8/2008,0,305,40.363575,-105.560041
146850,856,11/8/2008,0,40,40.36345,-105.560041
146863,856,11/8/2008,0,130,40.363575,-105.560041
146828,856,11/8/2008,0,15,40.363433,-105.560033
146857,856,11/8/2008,0,65,40.363591,-105.560033
146832,856,11/8/2008,0,205,40.363558,-105.560025
146860,856,11/8/2008,0,355,40.36355,-105.560025
146839,856,11/8/2008,0,30,40.36355,-105.560008
146841,856,11/8/2008,0,15,40.363516,-105.560008
146849,856,11/8/2008,0,60,40.363408,-105.56
146861,856,11/8/2008,0,105,40.363441,-105.56
146829,856,11/8/2008,0,185,40.363458,-105.559991
146834,856,11/8/2008,0,10,40.363558,-105.559991
146835,856,11/8/2008,0,180,40.363633,-105.559983
146842,856,11/8/2008,0,320,40.363508,-105.559983
146862,856,11/8/2008,0,40,40.36325,-105.559966
146854,856,11/8/2008,0,330,40.363583,-105.55995
146859,856,11/8/2008,0,15,40.36355,-105.55995
146837,856,11/8/2008,0,30,40.363391,-105.559925
146825,856,11/8/2008,0,335,40.363541,-105.559916
146853,856,11/8/2008,0,5,40.363491,-105.559916
146864,856,11/8/2008,0,305,40.363225,-105.559908
146847,856,11/8/2008,0,60,40.363591,-105.559883
146838,856,11/8/2008,0,155,40.363433,-105.559866
146856,856,11/8/2008,0,80,40.363325,-105.559825
146844,856,11/8/2008,0,195,40.363666,-105.559775
146827,856,11/8/2008,0,115,40.365116,-105.559291
146823,856,11/8/2008,0,65,40.388416,-105.522908
146821,856,11/8/2008,2.3,220,40.388241,-105.5224
146822,856,11/8/2008,0,155,40.387675,-105.521108
146869,856,11/9/2008,0,300,40.363558,-105.560675
146889,856,11/9/2008,0,35,40.363425,-105.560275
146915,856,11/9/2008,0,255,40.363441,-105.560166
146893,856,11/9/2008,0,160,40.3634,-105.560116
146872,856,11/9/2008,0,275,40.36355,-105.5601
146897,856,11/9/2008,0,15,40.363375,-105.560091
146900,856,11/9/2008,0,45,40.363475,-105.560075
146908,856,11/9/2008,0,250,40.363808,-105.560075
146881,856,11/9/2008,0,0,40.363625,-105.560058
146886,856,11/9/2008,0,10,40.363741,-105.560058
146910,856,11/9/2008,0,265,40.3636,-105.560058
146890,856,11/9/2008,0,275,40.363516,-105.56005
146867,856,11/9/2008,0,55,40.363475,-105.560025
146880,856,11/9/2008,0,165,40.363658,-105.560025
146899,856,11/9/2008,0,205,40.363458,-105.560025
146894,856,11/9/2008,0,215,40.363375,-105.560016
146909,856,11/9/2008,0,290,40.363558,-105.560016
146870,856,11/9/2008,0,275,40.363525,-105.560008
146885,856,11/9/2008,0,0,40.363433,-105.560008
146904,856,11/9/2008,0,10,40.363608,-105.56
146873,856,11/9/2008,0,230,40.363608,-105.559991
146896,856,11/9/2008,0,185,40.363875,-105.559991
146907,856,11/9/2008,0,165,40.363591,-105.559983
146875,856,11/9/2008,0,20,40.363533,-105.559975
146887,856,11/9/2008,0,5,40.363466,-105.559966
146874,856,11/9/2008,0,285,40.363533,-105.559958
146883,856,11/9/2008,0,210,40.363525,-105.559958
146906,856,11/9/2008,0,60,40.363616,-105.559958
146891,856,11/9/2008,0,215,40.363458,-105.55995
146911,856,11/9/2008,0,330,40.363508,-105.55995
146871,856,11/9/2008,0,355,40.363533,-105.559941
146878,856,11/9/2008,0,125,40.363633,-105.559933
146898,856,11/9/2008,0,40,40.36355,-105.559933
146914,856,11/9/2008,0,115,40.363533,-105.559933
146876,856,11/9/2008,0,10,40.3636,-105.559908
146877,856,11/9/2008,0,55,40.363533,-105.559908
146905,856,11/9/2008,0,350,40.363316,-105.5599
146882,856,11/9/2008,0,70,40.363583,-105.559883
146892,856,11/9/2008,0,95,40.363508,-105.559883
146913,856,11/9/2008,0,285,40.363483,-105.559883
146868,856,11/9/2008,0,355,40.363391,-105.559866
146895,856,11/9/2008,0,195,40.363741,-105.559866
146884,856,11/9/2008,0,295,40.363566,-105.55985
146888,856,11/9/2008,0,100,40.363516,-105.55985
146912,856,11/9/2008,0,35,40.363675,-105.55985
146902,856,11/9/2008,0,320,40.36335,-105.559816
146879,856,11/9/2008,0,305,40.363391,-105.55975
146903,856,11/9/2008,0,285,40.363408,-105.55965
146901,856,11/9/2008,0,230,40.363816,-105.559508
146950,856,11/10/2008,0,40,40.362633,-105.562333
146918,856,11/10/2008,0,295,40.363566,-105.560525
146917,856,11/10/2008,0,295,40.363633,-105.560408
146949,856,11/10/2008,0,235,40.363316,-105.5603
146924,856,11/10/2008,0,20,40.3631,-105.560233
146916,856,11/10/2008,0,315,40.363516,-105.560166
146945,856,11/10/2008,0,160,40.363483,-105.5601
146963,856,11/10/2008,0,140,40.363433,-105.5601
146932,856,11/10/2008,0,220,40.363441,-105.560058
146944,856,11/10/2008,0,185,40.363516,-105.560058
146960,856,11/10/2008,0,235,40.363516,-105.560058
146951,856,11/10/2008,0,5,40.363508,-105.56005
146925,856,11/10/2008,0,205,40.363266,-105.560041
146952,856,11/10/2008,0,145,40.3635,-105.560033
146962,856,11/10/2008,0,210,40.363591,-105.560033
146921,856,11/10/2008,0,285,40.3635,-105.560025
146935,856,11/10/2008,0,145,40.363658,-105.560025
146941,856,11/10/2008,0,0,40.3635,-105.560025
146955,856,11/10/2008,0,225,40.363641,-105.560025
146956,856,11/10/2008,0,30,40.363516,-105.560025
146948,856,11/10/2008,0,210,40.3635,-105.560016
146930,856,11/10/2008,0,345,40.363558,-105.560008
146938,856,11/10/2008,0,285,40.363475,-105.560008
146942,856,11/10/2008,0,275,40.363575,-105.560008
146959,856,11/10/2008,0,210,40.363516,-105.560008
146958,856,11/10/2008,0,225,40.363458,-105.56
146919,856,11/10/2008,0,345,40.363541,-105.559991
146943,856,11/10/2008,0,265,40.363341,-105.559991
146933,856,11/10/2008,0,160,40.363516,-105.559983
146946,856,11/10/2008,0,175,40.36355,-105.559975
146957,856,11/10/2008,0,0,40.3636,-105.559975
146920,856,11/10/2008,0,340,40.363516,-105.559966
146922,856,11/10/2008,0,225,40.363558,-105.559966
146953,856,11/10/2008,0,175,40.363483,-105.559966
146936,856,11/10/2008,0,335,40.3636,-105.55995
146937,856,11/10/2008,0,35,40.363491,-105.55995
146954,856,11/10/2008,0,115,40.363575,-105.55995
146923,856,11/10/2008,0,15,40.363708,-105.559941
146947,856,11/10/2008,0,200,40.363475,-105.559941
146929,856,11/10/2008,0,40,40.363658,-105.559933
146931,856,11/10/2008,0,185,40.363591,-105.559933
146940,856,11/10/2008,0,215,40.363475,-105.559933
146926,856,11/10/2008,0,165,40.363441,-105.559925
146928,856,11/10/2008,0,140,40.363133,-105.559925
146927,856,11/10/2008,0,0,40.363508,-105.5599
146939,856,11/10/2008,0,125,40.3635,-105.559883
146934,856,11/10/2008,0,150,40.363341,-105.559875
146961,856,11/10/2008,0,225,40.363666,-105.559466
146997,856,11/11/2008,0,255,40.362725,-105.561433
146994,856,11/11/2008,0,30,40.363,-105.560516
147008,856,11/11/2008,0,230,40.363425,-105.560258
146989,856,11/11/2008,0,25,40.363375,-105.560216
147009,856,11/11/2008,0,185,40.363366,-105.560166
147007,856,11/11/2008,0,320,40.363675,-105.560116
147010,856,11/11/2008,0,190,40.36345,-105.560116
147001,856,11/11/2008,0,135,40.363483,-105.560108
147000,856,11/11/2008,0,125,40.363583,-105.5601
147011,856,11/11/2008,0,80,40.363433,-105.560066
146967,856,11/11/2008,0,285,40.363483,-105.560058
146966,856,11/11/2008,0,350,40.36355,-105.560025
146980,856,11/11/2008,0,15,40.3636,-105.560025
146982,856,11/11/2008,0,135,40.3635,-105.560025
146999,856,11/11/2008,0,20,40.363508,-105.560025
146976,856,11/11/2008,0,170,40.364158,-105.560016
146985,856,11/11/2008,0,35,40.363475,-105.560016
146992,856,11/11/2008,0,310,40.363616,-105.560016
146969,856,11/11/2008,0,15,40.363508,-105.56
146970,856,11/11/2008,0,310,40.363483,-105.559991
146971,856,11/11/2008,0,270,40.363366,-105.559991
146977,856,11/11/2008,0,170,40.363916,-105.559991
147003,856,11/11/2008,0,20,40.363608,-105.559991
147004,856,11/11/2008,0,185,40.363616,-105.559991
146978,856,11/11/2008,0,25,40.36355,-105.559983
146984,856,11/11/2008,0,325,40.363566,-105.559983
146993,856,11/11/2008,0,320,40.363458,-105.559975
146991,856,11/11/2008,0,95,40.363375,-105.559966
146983,856,11/11/2008,0,160,40.363608,-105.559958
146986,856,11/11/2008,0,20,40.363483,-105.559958
146987,856,11/11/2008,0,290,40.363533,-105.559958
147006,856,11/11/2008,0,325,40.363541,-105.559958
146990,856,11/11/2008,0,220,40.363525,-105.55995
146981,856,11/11/2008,0,10,40.3633,-105.559941
147005,856,11/11/2008,0,195,40.363491,-105.559925
146995,856,11/11/2008,0,225,40.3635,-105.559916
146998,856,11/11/2008,0,0,40.363541,-105.559916
146979,856,11/11/2008,0,310,40.363566,-105.559908
146988,856,11/11/2008,0,95,40.363591,-105.5599
147002,856,11/11/2008,0,0,40.363558,-105.5599
146973,856,11/11/2008,0,30,40.363591,-105.559883
146968,856,11/11/2008,0,245,40.363533,-105.559866
146972,856,11/11/2008,0,200,40.363641,-105.559866
146964,856,11/11/2008,0,250,40.363391,-105.559725
146965,856,11/11/2008,0,130,40.363066,-105.559583
146974,856,11/11/2008,0,330,40.363241,-105.559566
146975,856,11/11/2008,0,145,40.3631,-105.559416
146996,856,11/11/2008,0,160,40.364166,-105.558958
147058,856,11/12/2008,0,235,40.363508,-105.5605
147030,856,11/12/2008,0,215,40.3637,-105.560216
147048,856,11/12/2008,0,240,40.3633,-105.560175
147056,856,11/12/2008,0,130,40.3636,-105.560166
147043,856,11/12/2008,0,220,40.363308,-105.560133
147044,856,11/12/2008,0,50,40.363525,-105.560133
147032,856,11/12/2008,0,25,40.363525,-105.560083
147055,856,11/12/2008,0,25,40.363516,-105.560083
147057,856,11/12/2008,0,255,40.363625,-105.560083
147046,856,11/12/2008,0,15,40.363558,-105.560075
147033,856,11/12/2008,0,265,40.363483,-105.560066
147031,856,11/12/2008,0,25,40.36355,-105.56005
147018,856,11/12/2008,0,200,40.363591,-105.560033
147020,856,11/12/2008,0,35,40.36355,-105.560025
147025,856,11/12/2008,0,10,40.363533,-105.560025
147026,856,11/12/2008,0,25,40.363508,-105.560025
147039,856,11/12/2008,0,105,40.363375,-105.560025
147045,856,11/12/2008,0,180,40.363533,-105.560025
147050,856,11/12/2008,0,25,40.3635,-105.560025
147040,856,11/12/2008,0,100,40.363466,-105.560016
147014,856,11/12/2008,0,5,40.363541,-105.560008
147022,856,11/12/2008,0,195,40.363533,-105.560008
147042,856,11/12/2008,0,190,40.363266,-105.560008
147051,856,11/12/2008,0,40,40.363491,-105.56
147054,856,11/12/2008,0,85,40.363491,-105.56
147021,856,11/12/2008,0,210,40.36355,-105.559991
147027,856,11/12/2008,0,0,40.36355,-105.559991
147034,856,11/12/2008,0,270,40.363575,-105.559991
147028,856,11/12/2008,0,5,40.363541,-105.559983
147047,856,11/12/2008,0,350,40.363366,-105.559983
147052,856,11/12/2008,0,190,40.363541,-105.559983
147016,856,11/12/2008,0,230,40.3635,-105.559975
147041,856,11/12/2008,0,180,40.363533,-105.559975
147049,856,11/12/2008,0,30,40.363525,-105.559975
147015,856,11/12/2008,0,275,40.363558,-105.559966
147029,856,11/12/2008,0,175,40.363591,-105.559941
147037,856,11/12/2008,0,110,40.363533,-105.559941
147036,856,11/12/2008,0,280,40.3636,-105.559933
147053,856,11/12/2008,0,180,40.363491,-105.559933
147019,856,11/12/2008,0,270,40.36355,-105.559925
147023,856,11/12/2008,0,145,40.363433,-105.559916
147038,856,11/12/2008,0,80,40.3635,-105.559916
147024,856,11/12/2008,0,0,40.363583,-105.559908
147035,856,11/12/2008,0,70,40.36355,-105.5599
147017,856,11/12/2008,0,295,40.363641,-105.559883
147012,856,11/12/2008,0,100,40.363308,-105.559875
147013,856,11/12/2008,0,130,40.363091,-105.559391
147102,856,11/13/2008,0,230,40.363308,-105.560333
147090,856,11/13/2008,0,225,40.363366,-105.5603
147073,856,11/13/2008,0,15,40.363266,-105.560166
147082,856,11/13/2008,0,230,40.363833,-105.560133
147088,856,11/13/2008,0,215,40.3633,-105.560125
147089,856,11/13/2008,0,245,40.363558,-105.5601
147061,856,11/13/2008,0,340,40.363508,-105.560091
147072,856,11/13/2008,0,345,40.363158,-105.560058
147094,856,11/13/2008,0,290,40.363558,-105.560058
147097,856,11/13/2008,0,340,40.363575,-105.560058
147100,856,11/13/2008,0,175,40.363475,-105.560058
147104,856,11/13/2008,0,175,40.363475,-105.560058
147074,856,11/13/2008,0,150,40.3633,-105.56005
147095,856,11/13/2008,0,310,40.36345,-105.560041
147084,856,11/13/2008,0,215,40.363533,-105.560033
147059,856,11/13/2008,0,330,40.363483,-105.560025
147067,856,11/13/2008,0,50,40.3634,-105.560025
147078,856,11/13/2008,0,15,40.363566,-105.560025
147096,856,11/13/2008,0,335,40.36345,-105.560025
147105,856,11/13/2008,0,315,40.36355,-105.560025
147069,856,11/13/2008,0,120,40.3633,-105.560016
147087,856,11/13/2008,0,25,40.363491,-105.560016
147092,856,11/13/2008,0,10,40.363525,-105.560008
147098,856,11/13/2008,0,240,40.363633,-105.560008
147062,856,11/13/2008,0,315,40.363475,-105.56
147085,856,11/13/2008,0,280,40.363516,-105.56
147103,856,11/13/2008,0,225,40.363475,-105.56
147093,856,11/13/2008,0,345,40.363558,-105.559991
147068,856,11/13/2008,0,140,40.363416,-105.559983
147075,856,11/13/2008,0,250,40.363491,-105.559983
147076,856,11/13/2008,0,0,40.3634,-105.559983
147086,856,11/13/2008,0,50,40.363541,-105.559983
147063,856,11/13/2008,0,25,40.363433,-105.559975
147080,856,11/13/2008,0,60,40.363433,-105.559975
147101,856,11/13/2008,0,130,40.363591,-105.559966
147077,856,11/13/2008,0,215,40.36355,-105.559958
147079,856,11/13/2008,0,340,40.363566,-105.559958
147070,856,11/13/2008,0,170,40.363208,-105.55995
147066,856,11/13/2008,0,180,40.363433,-105.559941
147081,856,11/13/2008,0,10,40.363408,-105.559941
147065,856,11/13/2008,0,195,40.363558,-105.559925
147064,856,11/13/2008,0,175,40.363508,-105.559916
147060,856,11/13/2008,0,335,40.363458,-105.559875
147071,856,11/13/2008,0,350,40.362208,-105.559825
147099,856,11/13/2008,0,10,40.364108,-105.559791
147083,856,11/13/2008,0,120,40.363275,-105.559483
147091,856,11/13/2008,0,230,40.363958,-105.559283
147149,856,11/14/2008,0,220,40.36345,-105.560175
147129,856,11/14/2008,0,305,40.363766,-105.560133
147121,856,11/14/2008,0,5,40.363583,-105.560108
147114,856,11/14/2008,0,10,40.363508,-105.560083
147144,856,11/14/2008,0,0,40.363616,-105.560083
147134,856,11/14/2008,0,110,40.363325,-105.560066
147108,856,11/14/2008,0,230,40.3635,-105.560058
147138,856,11/14/2008,0,55,40.363533,-105.56005
147126,856,11/14/2008,0,0,40.363508,-105.560041
147137,856,11/14/2008,0,235,40.363433,-105.560041
147142,856,11/14/2008,0,40,40.3635,-105.560041
147132,856,11/14/2008,0,45,40.363525,-105.560033
147148,856,11/14/2008,0,60,40.36355,-105.560033
147120,856,11/14/2008,0,215,40.36345,-105.560025
147113,856,11/14/2008,0,350,40.363508,-105.560016
147135,856,11/14/2008,0,105,40.363566,-105.560016
147146,856,11/14/2008,0,25,40.363458,-105.560016
147112,856,11/14/2008,0,270,40.363725,-105.560008
147116,856,11/14/2008,0,65,40.363641,-105.560008
147115,856,11/14/2008,0,245,40.363583,-105.56
147133,856,11/14/2008,0,285,40.363583,-105.56
147117,856,11/14/2008,0,25,40.363408,-105.559991
147124,856,11/14/2008,0,290,40.363566,-105.559991
147143,856,11/14/2008,0,80,40.363508,-105.559991
147109,856,11/14/2008,0,335,40.363458,-105.559983
147125,856,11/14/2008,0,0,40.3636,-105.559983
147131,856,11/14/2008,0,340,40.3635,-105.559983
147110,856,11/14/2008,0,235,40.363658,-105.559975
147122,856,11/14/2008,0,355,40.363525,-105.559975
147139,856,11/14/2008,0,5,40.363533,-105.559975
147141,856,11/14/2008,0,145,40.363341,-105.559966
147119,856,11/14/2008,0,20,40.363608,-105.559958
147123,856,11/14/2008,0,210,40.363575,-105.559958
147127,856,11/14/2008,0,330,40.363491,-105.559958
147136,856,11/14/2008,0,0,40.363583,-105.559958
147140,856,11/14/2008,0,245,40.36345,-105.559958
147111,856,11/14/2008,0,150,40.363741,-105.55995
147106,856,11/14/2008,0,40,40.363425,-105.559941
147145,856,11/14/2008,0,355,40.363616,-105.559941
147147,856,11/14/2008,0,190,40.363641,-105.559941
147128,856,11/14/2008,0,350,40.363508,-105.559933
147130,856,11/14/2008,0,335,40.363541,-105.559933
147151,856,11/14/2008,0,290,40.3635,-105.559933
147107,856,11/14/2008,0,145,40.363475,-105.559908
147150,856,11/14/2008,0,155,40.363366,-105.5599
147118,856,11/14/2008,0,5,40.363175,-105.559875
147152,856,11/14/2008,0,125,40.36345,-105.5598
147153,856,11/15/2008,0,295,40.36365,-105.5601
147180,856,11/15/2008,0,230,40.36345,-105.560083
147184,856,11/15/2008,0,210,40.363358,-105.560083
147169,856,11/15/2008,0,340,40.363525,-105.560075
147187,856,11/15/2008,0,210,40.36355,-105.560066
147165,856,11/15/2008,0,15,40.363491,-105.560058
147154,856,11/15/2008,0,305,40.363575,-105.56005
147163,856,11/15/2008,0,165,40.363525,-105.560041
147170,856,11/15/2008,0,175,40.363475,-105.560033
147168,856,11/15/2008,0,0,40.363483,-105.560025
147177,856,11/15/2008,0,5,40.363491,-105.560025
147179,856,11/15/2008,0,310,40.363483,-105.560025
147160,856,11/15/2008,0,165,40.363525,-105.560016
147173,856,11/15/2008,0,265,40.363533,-105.560016
147181,856,11/15/2008,0,300,40.363575,-105.560016
147186,856,11/15/2008,0,10,40.363558,-105.560016
147155,856,11/15/2008,0,125,40.363566,-105.560008
147164,856,11/15/2008,0,120,40.363491,-105.560008
147167,856,11/15/2008,0,40,40.363625,-105.56
147182,856,11/15/2008,0,55,40.363516,-105.56
147178,856,11/15/2008,0,275,40.363483,-105.559991
147188,856,11/15/2008,0,105,40.363566,-105.559991
147156,856,11/15/2008,0,200,40.363475,-105.559983
147158,856,11/15/2008,0,185,40.363558,-105.559983
147174,856,11/15/2008,0,340,40.363475,-105.559983
147189,856,11/15/2008,0,30,40.363633,-105.559983
147159,856,11/15/2008,0,130,40.363508,-105.559975
147172,856,11/15/2008,0,45,40.363591,-105.559975
147162,856,11/15/2008,0,330,40.363541,-105.559966
147192,856,11/15/2008,0,240,40.363491,-105.559966
147194,856,11/15/2008,0,310,40.3636,-105.559966
147195,856,11/15/2008,0,115,40.363541,-105.559958
147193,856,11/15/2008,0,10,40.363525,-105.55995
147175,856,11/15/2008,0,145,40.363425,-105.559925
147191,856,11/15/2008,0,75,40.363575,-105.559916
147190,856,11/15/2008,0,270,40.363641,-105.559908
147183,856,11/15/2008,0,35,40.3636,-105.5599
147196,856,11/15/2008,0,130,40.363525,-105.5599
147157,856,11/15/2008,0,260,40.363583,-105.559891
147171,856,11/15/2008,0,320,40.363525,-105.559891
147161,856,11/15/2008,0,335,40.36355,-105.559866
147197,856,11/15/2008,0,125,40.363375,-105.55985
147185,856,11/15/2008,0,275,40.363583,-105.559808
147198,856,11/15/2008,0,85,40.363433,-105.559808
147166,856,11/15/2008,0,205,40.363958,-105.559675
147199,856,11/15/2008,0,280,40.363233,-105.559566
147176,856,11/15/2008,0,115,40.363191,-105.559508
147200,856,11/15/2008,0,130,40.362866,-105.559033
147227,856,11/16/2008,0,280,40.363525,-105.56015
147232,856,11/16/2008,0,270,40.363641,-105.56015
147248,856,11/16/2008,0,300,40.363541,-105.560133
147237,856,11/16/2008,0,170,40.363508,-105.560116
147244,856,11/16/2008,0,70,40.36355,-105.560108
147246,856,11/16/2008,0,305,40.36355,-105.5601
147213,856,11/16/2008,0,155,40.36335,-105.560075
147209,856,11/16/2008,0,35,40.363458,-105.560066
147221,856,11/16/2008,0,20,40.36345,-105.560066
147235,856,11/16/2008,0,140,40.363566,-105.560058
147203,856,11/16/2008,0,345,40.363525,-105.560041
147222,856,11/16/2008,0,110,40.363566,-105.560041
147233,856,11/16/2008,0,235,40.36355,-105.560033
147230,856,11/16/2008,0,270,40.363633,-105.560025
147234,856,11/16/2008,0,165,40.363558,-105.560025
147236,856,11/16/2008,0,285,40.363466,-105.560025
147238,856,11/16/2008,0,220,40.363508,-105.560025
147208,856,11/16/2008,0,0,40.363558,-105.560016
147216,856,11/16/2008,0,355,40.363375,-105.560016
147229,856,11/16/2008,0,290,40.363458,-105.560016
147214,856,11/16/2008,0,0,40.363633,-105.560008
147215,856,11/16/2008,0,40,40.363625,-105.560008
147204,856,11/16/2008,0,190,40.363508,-105.56
147225,856,11/16/2008,0,295,40.363483,-105.56
147228,856,11/16/2008,0,310,40.363583,-105.56
147239,856,11/16/2008,0,0,40.363533,-105.56
147218,856,11/16/2008,0,180,40.363675,-105.559991
147201,856,11/16/2008,0,340,40.363566,-105.559983
147240,856,11/16/2008,0,355,40.363608,-105.559983
147206,856,11/16/2008,0,35,40.363475,-105.559975
147212,856,11/16/2008,0,5,40.363516,-105.559975
147217,856,11/16/2008,0,190,40.36345,-105.559975
147205,856,11/16/2008,0,85,40.363508,-105.559966
147231,856,11/16/2008,0,25,40.363625,-105.559966
147245,856,11/16/2008,0,150,40.3635,-105.559966
147207,856,11/16/2008,0,145,40.363541,-105.559958
147211,856,11/16/2008,0,210,40.363591,-105.559958
147241,856,11/16/2008,0,230,40.363591,-105.559958
147247,856,11/16/2008,0,295,40.363466,-105.559958
147243,856,11/16/2008,0,130,40.363516,-105.559941
147219,856,11/16/2008,0,290,40.363575,-105.559925
147220,856,11/16/2008,0,130,40.363516,-105.559925
147242,856,11/16/2008,0,335,40.363575,-105.559925
147223,856,11/16/2008,0,125,40.36345,-105.559916
147202,856,11/16/2008,0,280,40.36345,-105.559908
147210,856,11/16/2008,0,310,40.363525,-105.5599
147226,856,11/16/2008,0,255,40.363566,-105.55985
147224,856,11/16/2008,0,110,40.363325,-105.5596
147278,856,11/17/2008,0,235,40.3635,-105.5603
147271,856,11/17/2008,0,335,40.363675,-105.560233
147276,856,11/17/2008,0,315,40.363508,-105.560125
147256,856,11/17/2008,0,205,40.363508,-105.560091
147287,856,11/17/2008,0,110,40.3634,-105.56005
147292,856,11/17/2008,0,240,40.363516,-105.560041
147262,856,11/17/2008,0,10,40.36355,-105.560033
147263,856,11/17/2008,0,25,40.363616,-105.560033
147270,856,11/17/2008,0,330,40.363483,-105.560033
147266,856,11/17/2008,0,180,40.363558,-105.560025
147258,856,11/17/2008,0,335,40.363366,-105.560016
147257,856,11/17/2008,0,335,40.363508,-105.560008
147286,856,11/17/2008,0,60,40.363558,-105.560008
147295,856,11/17/2008,0,145,40.36355,-105.560008
147275,856,11/17/2008,0,90,40.363558,-105.56
147290,856,11/17/2008,0,175,40.363441,-105.56
147265,856,11/17/2008,0,170,40.363533,-105.559991
147274,856,11/17/2008,0,255,40.3635,-105.559991
147289,856,11/17/2008,0,190,40.363341,-105.559991
147291,856,11/17/2008,0,125,40.3635,-105.559991
147259,856,11/17/2008,0,130,40.36355,-105.559983
147279,856,11/17/2008,0,215,40.363433,-105.559983
147272,856,11/17/2008,0,155,40.363566,-105.559975
147284,856,11/17/2008,0,60,40.363516,-105.559975
147251,856,11/17/2008,0,15,40.363533,-105.559966
147264,856,11/17/2008,0,0,40.363591,-105.559966
147273,856,11/17/2008,0,5,40.36355,-105.559966
147285,856,11/17/2008,0,200,40.3636,-105.559966
147253,856,11/17/2008,0,135,40.363541,-105.559958
147277,856,11/17/2008,0,45,40.363633,-105.559958
147260,856,11/17/2008,0,195,40.363466,-105.55995
147288,856,11/17/2008,0,160,40.36335,-105.55995
147252,856,11/17/2008,0,105,40.363633,-105.559941
147255,856,11/17/2008,0,145,40.3635,-105.559941
147267,856,11/17/2008,0,190,40.363608,-105.559941
147280,856,11/17/2008,0,220,40.363525,-105.559941
147268,856,11/17/2008,0,305,40.363516,-105.559925
147296,856,11/17/2008,0,180,40.363541,-105.559925
147269,856,11/17/2008,0,55,40.363508,-105.559908
147254,856,11/17/2008,0,15,40.3635,-105.5599
147281,856,11/17/2008,0,55,40.363575,-105.5599
147250,856,11/17/2008,0,340,40.363425,-105.559891
147261,856,11/17/2008,0,55,40.363825,-105.559891
147282,856,11/17/2008,0,300,40.363516,-105.559891
147283,856,11/17/2008,0,90,40.363525,-105.559891
147294,856,11/17/2008,0,290,40.363466,-105.559883
147249,856,11/17/2008,0,340,40.363175,-105.559816
147293,856,11/17/2008,0,295,40.363183,-105.559608
147312,856,11/18/2008,0,330,40.363733,-105.560325
147327,856,11/18/2008,0,25,40.363391,-105.560258
147303,856,11/18/2008,0,265,40.363608,-105.560216
147328,856,11/18/2008,0,50,40.363358,-105.560175
147317,856,11/18/2008,0,100,40.363575,-105.56015
147323,856,11/18/2008,0,280,40.363375,-105.560141
147311,856,11/18/2008,0,235,40.363558,-105.560133
147333,856,11/18/2008,0,5,40.363391,-105.560091
147326,856,11/18/2008,0,145,40.3635,-105.560075
147318,856,11/18/2008,0,320,40.363558,-105.56005
147329,856,11/18/2008,0,210,40.363466,-105.56005
147332,856,11/18/2008,0,170,40.363516,-105.56005
147301,856,11/18/2008,0,260,40.363508,-105.560041
147340,856,11/18/2008,0,15,40.363583,-105.560041
147299,856,11/18/2008,0,165,40.363541,-105.560033
147310,856,11/18/2008,0,225,40.363566,-105.560033
147298,856,11/18/2008,0,335,40.363483,-105.560025
147302,856,11/18/2008,0,175,40.363583,-105.560016
147304,856,11/18/2008,0,10,40.363483,-105.560016
147307,856,11/18/2008,0,45,40.363533,-105.559983
147322,856,11/18/2008,0,310,40.363558,-105.559983
147330,856,11/18/2008,0,165,40.363483,-105.559983
147335,856,11/18/2008,0,175,40.363491,-105.559983
147309,856,11/18/2008,0,125,40.363591,-105.559975
147321,856,11/18/2008,0,245,40.36355,-105.559975
147314,856,11/18/2008,0,0,40.363625,-105.559966
147334,856,11/18/2008,0,225,40.363558,-105.559966
147337,856,11/18/2008,0,140,40.363366,-105.559966
147339,856,11/18/2008,0,335,40.363608,-105.559966
147306,856,11/18/2008,0,155,40.363558,-105.559958
147342,856,11/18/2008,0,350,40.363541,-105.559958
147297,856,11/18/2008,0,310,40.363541,-105.55995
147338,856,11/18/2008,0,150,40.363583,-105.55995
147300,856,11/18/2008,0,80,40.363483,-105.559941
147308,856,11/18/2008,0,210,40.363466,-105.559941
147305,856,11/18/2008,0,320,40.363566,-105.559933
147319,856,11/18/2008,0,310,40.36355,-105.559933
147341,856,11/18/2008,0,255,40.363483,-105.559933
147315,856,11/18/2008,0,290,40.363466,-105.559925
147343,856,11/18/2008,0,335,40.363383,-105.559925
147313,856,11/18/2008,0,200,40.363483,-105.559916
147324,856,11/18/2008,0,205,40.363758,-105.5599
147325,856,11/18/2008,0,35,40.363558,-105.5599
147316,856,11/18/2008,0,245,40.363475,-105.559891
147344,856,11/18/2008,0,125,40.363441,-105.559891
147336,856,11/18/2008,0,125,40.363441,-105.559816
147331,856,11/18/2008,0,130,40.363541,-105.559775
147320,856,11/18/2008,0,120,40.3634,-105.55975
147374,856,11/19/2008,0,215,40.362883,-105.560491
147388,856,11/19/2008,0,55,40.363258,-105.560466
147377,856,11/19/2008,0,170,40.363016,-105.560416
147376,856,11/19/2008,0,220,40.363083,-105.560333
147373,856,11/19/2008,0,20,40.363358,-105.560166
147378,856,11/19/2008,0,10,40.363566,-105.560141
147362,856,11/19/2008,0,330,40.363775,-105.560125
147353,856,11/19/2008,0,20,40.363425,-105.560108
147385,856,11/19/2008,0,155,40.363675,-105.5601
147380,856,11/19/2008,0,345,40.363508,-105.560091
147389,856,11/19/2008,0,220,40.363491,-105.560091
147392,856,11/19/2008,0,270,40.363625,-105.560075
147371,856,11/19/2008,0,25,40.363483,-105.560066
147348,856,11/19/2008,0,60,40.363516,-105.560058
147349,856,11/19/2008,0,15,40.363758,-105.560058
147369,856,11/19/2008,0,290,40.363566,-105.560058
147386,856,11/19/2008,0,190,40.364166,-105.560058
147381,856,11/19/2008,0,55,40.363566,-105.56005
147365,856,11/19/2008,0,80,40.3635,-105.560041
147356,856,11/19/2008,0,25,40.363741,-105.560033
147372,856,11/19/2008,0,15,40.363291,-105.560033
147379,856,11/19/2008,0,355,40.363475,-105.560033
147384,856,11/19/2008,0,50,40.363608,-105.560033
147357,856,11/19/2008,0,155,40.363766,-105.560016
147368,856,11/19/2008,0,115,40.36355,-105.560008
147350,856,11/19/2008,0,345,40.3634,-105.56
147354,856,11/19/2008,0,145,40.363191,-105.56
147359,856,11/19/2008,0,15,40.363508,-105.56
147382,856,11/19/2008,0,50,40.363616,-105.56
147391,856,11/19/2008,0,185,40.363608,-105.56
147366,856,11/19/2008,0,330,40.363516,-105.559983
147346,856,11/19/2008,0,235,40.36355,-105.559975
147364,856,11/19/2008,0,300,40.363533,-105.559966
147360,856,11/19/2008,0,355,40.3635,-105.55995
147370,856,11/19/2008,0,265,40.363508,-105.559941
147358,856,11/19/2008,0,180,40.363558,-105.559933
147361,856,11/19/2008,0,350,40.363525,-105.559933
147355,856,11/19/2008,0,45,40.3635,-105.559925
147387,856,11/19/2008,0,235,40.363525,-105.559925
147363,856,11/19/2008,0,335,40.363425,-105.559916
147347,856,11/19/2008,0,305,40.36355,-105.559891
147383,856,11/19/2008,0,0,40.363575,-105.559866
147345,856,11/19/2008,0,325,40.363391,-105.559816
147351,856,11/19/2008,0,215,40.363575,-105.559791
147367,856,11/19/2008,0,100,40.363308,-105.559758
147390,856,11/19/2008,0,55,40.364,-105.559125
147375,856,11/19/2008,0,50,40.364275,-105.558991
147352,856,11/19/2008,3.5,205,40.365941,-105.558633
147436,856,11/20/2008,0,310,40.363766,-105.560275
147426,856,11/20/2008,0,335,40.363916,-105.560241
147398,856,11/20/2008,0,205,40.36325,-105.560233
147410,856,11/20/2008,0,305,40.363691,-105.560233
147437,856,11/20/2008,0,320,40.36365,-105.5602
147430,856,11/20/2008,0,165,40.363616,-105.560166
147424,856,11/20/2008,0,60,40.363633,-105.560141
147434,856,11/20/2008,0,215,40.363516,-105.560141
147427,856,11/20/2008,0,160,40.363775,-105.560133
147438,856,11/20/2008,0,125,40.363616,-105.560133
147393,856,11/20/2008,0,280,40.3636,-105.560125
147400,856,11/20/2008,0,5,40.363583,-105.560125
147431,856,11/20/2008,0,205,40.363583,-105.560108
147414,856,11/20/2008,0,185,40.363783,-105.5601
147419,856,11/20/2008,0,130,40.36355,-105.560091
147395,856,11/20/2008,0,265,40.363416,-105.560083
147412,856,11/20/2008,0,90,40.363458,-105.560058
147423,856,11/20/2008,0,345,40.363608,-105.560058
147429,856,11/20/2008,0,30,40.363358,-105.560058
147428,856,11/20/2008,0,60,40.363441,-105.56005
147439,856,11/20/2008,0,280,40.36355,-105.56005
147401,856,11/20/2008,0,15,40.363516,-105.560041
147405,856,11/20/2008,0,165,40.363483,-105.560025
147408,856,11/20/2008,0,195,40.363541,-105.560008
147418,856,11/20/2008,0,340,40.363475,-105.560008
147404,856,11/20/2008,0,160,40.363775,-105.56
147407,856,11/20/2008,0,155,40.363483,-105.56
147411,856,11/20/2008,0,335,40.363508,-105.56
147420,856,11/20/2008,0,145,40.363516,-105.56
147432,856,11/20/2008,0,20,40.363483,-105.56
147422,856,11/20/2008,0,260,40.363558,-105.559991
147425,856,11/20/2008,0,330,40.363525,-105.559991
147417,856,11/20/2008,0,325,40.363508,-105.559983
147433,856,11/20/2008,0,110,40.363508,-105.559983
147396,856,11/20/2008,0,270,40.36355,-105.559966
147435,856,11/20/2008,0,240,40.363483,-105.559966
147394,856,11/20/2008,0,305,40.363575,-105.559958
147399,856,11/20/2008,0,35,40.363516,-105.559958
147402,856,11/20/2008,0,0,40.363475,-105.55995
147409,856,11/20/2008,0,340,40.363416,-105.55995
147413,856,11/20/2008,0,175,40.363533,-105.559941
147403,856,11/20/2008,0,70,40.363491,-105.559916
147406,856,11/20/2008,0,10,40.3635,-105.559908
147415,856,11/20/2008,0,260,40.36355,-105.559908
147416,856,11/20/2008,0,315,40.3636,-105.559883
147397,856,11/20/2008,0,90,40.363608,-105.559875
147421,856,11/20/2008,0,155,40.3631,-105.559691
147477,856,11/21/2008,0,300,40.3638,-105.56035
147476,856,11/21/2008,0,350,40.363308,-105.5603
147480,856,11/21/2008,0,70,40.36355,-105.5602
147486,856,11/21/2008,0,70,40.363508,-105.560191
147473,856,11/21/2008,0,295,40.363625,-105.560116
147458,856,11/21/2008,0,280,40.363658,-105.560108
147479,856,11/21/2008,0,185,40.363491,-105.5601
147481,856,11/21/2008,0,305,40.363625,-105.560083
147485,856,11/21/2008,0,290,40.363475,-105.560075
147478,856,11/21/2008,0,0,40.363541,-105.560066
147452,856,11/21/2008,0,145,40.363575,-105.560058
147470,856,11/21/2008,0,215,40.363341,-105.560058
147460,856,11/21/2008,0,260,40.363483,-105.560041
147446,856,11/21/2008,0,75,40.363516,-105.560025
147461,856,11/21/2008,0,45,40.363575,-105.560025
147463,856,11/21/2008,0,85,40.3635,-105.560016
147468,856,11/21/2008,0,215,40.363525,-105.560016
147469,856,11/21/2008,0,155,40.363425,-105.560016
147464,856,11/21/2008,0,220,40.36355,-105.560008
147445,856,11/21/2008,0,210,40.363508,-105.56
147447,856,11/21/2008,0,170,40.363558,-105.56
147465,856,11/21/2008,0,295,40.363525,-105.56
147482,856,11/21/2008,0,185,40.363591,-105.56
147484,856,11/21/2008,0,245,40.363583,-105.56
147443,856,11/21/2008,0,310,40.363516,-105.559991
147454,856,11/21/2008,0,250,40.363533,-105.559991
147475,856,11/21/2008,0,100,40.363816,-105.559991
147441,856,11/21/2008,0,300,40.363491,-105.559983
147472,856,11/21/2008,0,355,40.3635,-105.559975
147440,856,11/21/2008,0,185,40.363508,-105.559966
147453,856,11/21/2008,0,5,40.363575,-105.559966
147455,856,11/21/2008,0,210,40.3635,-105.559966
147456,856,11/21/2008,0,0,40.363333,-105.559966
147471,856,11/21/2008,0,50,40.363608,-105.559966
147449,856,11/21/2008,0,135,40.363408,-105.559958
147451,856,11/21/2008,0,355,40.363216,-105.559958
147442,856,11/21/2008,0,305,40.363533,-105.55995
147483,856,11/21/2008,0,200,40.363533,-105.55995
147474,856,11/21/2008,0,165,40.3634,-105.559941
147444,856,11/21/2008,0,165,40.363516,-105.559933
147448,856,11/21/2008,0,100,40.363416,-105.559933
147457,856,11/21/2008,0,310,40.363416,-105.559916
147467,856,11/21/2008,0,230,40.363558,-105.559916
147459,856,11/21/2008,0,305,40.3635,-105.559908
147450,856,11/21/2008,0,20,40.363483,-105.559891
147466,856,11/21/2008,0,5,40.363575,-105.559858
147462,856,11/21/2008,0,200,40.363733,-105.559791
147487,856,11/21/2008,0,295,40.363458,-105.559758
147488,856,11/22/2008,0,295,40.363691,-105.560316
147495,856,11/22/2008,0,150,40.364075,-105.560308
147517,856,11/22/2008,0,220,40.3633,-105.560283
147515,856,11/22/2008,0,205,40.363066,-105.560258
147526,856,11/22/2008,0,15,40.363616,-105.560108
147534,856,11/22/2008,0,100,40.3636,-105.560108
147491,856,11/22/2008,0,275,40.363516,-105.560083
147493,856,11/22/2008,0,30,40.363375,-105.560083
147523,856,11/22/2008,0,85,40.36335,-105.560083
147529,856,11/22/2008,0,70,40.3634,-105.560083
147508,856,11/22/2008,0,215,40.363475,-105.560075
147519,856,11/22/2008,0,15,40.363583,-105.560075
147516,856,11/22/2008,0,210,40.363366,-105.560066
147496,856,11/22/2008,0,15,40.363525,-105.560058
147497,856,11/22/2008,0,15,40.363583,-105.56005
147511,856,11/22/2008,0,200,40.363575,-105.560041
147502,856,11/22/2008,0,15,40.363516,-105.560033
147518,856,11/22/2008,0,80,40.363558,-105.560033
147528,856,11/22/2008,0,115,40.363508,-105.560033
147489,856,11/22/2008,0,50,40.363533,-105.560025
147522,856,11/22/2008,0,165,40.363616,-105.560025
147524,856,11/22/2008,0,140,40.363566,-105.560025
147530,856,11/22/2008,0,280,40.363566,-105.560025
147490,856,11/22/2008,0,80,40.363575,-105.560016
147501,856,11/22/2008,0,0,40.363541,-105.560016
147498,856,11/22/2008,0,110,40.3637,-105.560008
147527,856,11/22/2008,0,145,40.36355,-105.560008
147494,856,11/22/2008,0,185,40.363491,-105.56
147499,856,11/22/2008,0,165,40.363408,-105.56
147503,856,11/22/2008,0,195,40.363541,-105.56
147512,856,11/22/2008,0,45,40.363491,-105.559991
147513,856,11/22/2008,0,250,40.363508,-105.559983
147492,856,11/22/2008,0,280,40.3635,-105.559975
147510,856,11/22/2008,0,325,40.3635,-105.559975
147514,856,11/22/2008,0,180,40.363466,-105.559975
147532,856,11/22/2008,0,80,40.363541,-105.559958
147531,856,11/22/2008,0,355,40.363541,-105.55995
147500,856,11/22/2008,0,295,40.363391,-105.559933
147506,856,11/22/2008,0,345,40.363591,-105.559933
147504,856,11/22/2008,0,335,40.363358,-105.559916
147520,856,11/22/2008,0,230,40.3636,-105.559908
147525,856,11/22/2008,0,135,40.3636,-105.5599
147507,856,11/22/2008,0,230,40.363575,-105.5598
147521,856,11/22/2008,0,195,40.363908,-105.559775
147533,856,11/22/2008,0,80,40.3635,-105.559766
147509,856,11/22/2008,0,145,40.3634,-105.55975
147505,856,11/22/2008,0,115,40.36305,-105.559591
147562,856,11/23/2008,0,200,40.362475,-105.560466
147535,856,11/23/2008,0,290,40.3637,-105.560166
147553,856,11/23/2008,0,315,40.363608,-105.56015
147573,856,11/23/2008,0,205,40.363433,-105.560141
147558,856,11/23/2008,0,0,40.363458,-105.560133
147582,856,11/23/2008,0,95,40.363591,-105.560108
147552,856,11/23/2008,0,145,40.363591,-105.5601
147560,856,11/23/2008,0,40,40.363483,-105.560091
147568,856,11/23/2008,0,340,40.363716,-105.560091
147576,856,11/23/2008,0,300,40.36345,-105.560091
147549,856,11/23/2008,0,85,40.363491,-105.560075
147559,856,11/23/2008,0,225,40.363541,-105.560075
147561,856,11/23/2008,0,10,40.3631,-105.560075
147574,856,11/23/2008,0,285,40.3635,-105.560075
147544,856,11/23/2008,0,350,40.363625,-105.560058
147565,856,11/23/2008,0,215,40.363425,-105.560058
147541,856,11/23/2008,0,175,40.363366,-105.56005
147542,856,11/23/2008,0,10,40.363616,-105.56005
147566,856,11/23/2008,0,210,40.363508,-105.56005
147567,856,11/23/2008,0,95,40.363566,-105.56005
147571,856,11/23/2008,0,55,40.363491,-105.56005
147550,856,11/23/2008,0,5,40.363483,-105.560041
147564,856,11/23/2008,0,325,40.363416,-105.560033
147575,856,11/23/2008,0,125,40.363525,-105.560033
147546,856,11/23/2008,0,355,40.363366,-105.560016
147556,856,11/23/2008,0,295,40.36355,-105.560016
147545,856,11/23/2008,0,0,40.363533,-105.560008
147570,856,11/23/2008,0,5,40.363616,-105.560008
147572,856,11/23/2008,0,355,40.363316,-105.56
147536,856,11/23/2008,0,345,40.363525,-105.559991
147547,856,11/23/2008,0,250,40.363516,-105.559991
147548,856,11/23/2008,0,45,40.363566,-105.559991
147551,856,11/23/2008,0,95,40.363325,-105.559991
147554,856,11/23/2008,0,260,40.363508,-105.559991
147577,856,11/23/2008,0,310,40.363466,-105.559991
147557,856,11/23/2008,0,325,40.363525,-105.559983
147563,856,11/23/2008,0,0,40.363441,-105.559983
147580,856,11/23/2008,0,290,40.363516,-105.559983
147537,856,11/23/2008,0,140,40.363541,-105.559966
147538,856,11/23/2008,0,15,40.363566,-105.559966
147539,856,11/23/2008,0,275,40.363508,-105.559966
147569,856,11/23/2008,0,85,40.363433,-105.559966
147543,856,11/23/2008,0,335,40.363391,-105.559958
147581,856,11/23/2008,0,90,40.363458,-105.559958
147540,856,11/23/2008,0,270,40.363516,-105.559933
147578,856,11/23/2008,0,235,40.363533,-105.559883
147555,856,11/23/2008,0,310,40.363491,-105.55985
147579,856,11/23/2008,0,75,40.363516,-105.55985
147583,856,11/24/2008,0,335,40.363591,-105.560483
147610,856,11/24/2008,0,20,40.362416,-105.560466
147621,856,11/24/2008,0,95,40.363466,-105.560216
147597,856,11/24/2008,0,240,40.363675,-105.560125
147598,856,11/24/2008,0,305,40.363575,-105.560083
147614,856,11/24/2008,0,25,40.363491,-105.560083
147613,856,11/24/2008,0,30,40.363408,-105.560075
147622,856,11/24/2008,0,170,40.36355,-105.560066
147602,856,11/24/2008,0,230,40.363491,-105.560058
147607,856,11/24/2008,0,185,40.3634,-105.560058
147612,856,11/24/2008,0,265,40.363433,-105.560058
147600,856,11/24/2008,0,325,40.363308,-105.56005
147585,856,11/24/2008,0,110,40.363525,-105.560041
147618,856,11/24/2008,0,355,40.363091,-105.560041
147620,856,11/24/2008,0,265,40.363566,-105.560041
147628,856,11/24/2008,0,40,40.363516,-105.560041
147593,856,11/24/2008,0,190,40.363516,-105.560025
147599,856,11/24/2008,0,340,40.363433,-105.560025
147605,856,11/24/2008,0,15,40.363525,-105.560025
147627,856,11/24/2008,0,275,40.363508,-105.560025
147592,856,11/24/2008,0,355,40.363558,-105.560016
147595,856,11/24/2008,0,5,40.363533,-105.56
147596,856,11/24/2008,0,200,40.363508,-105.56
147601,856,11/24/2008,0,15,40.363608,-105.56
147625,856,11/24/2008,0,0,40.363558,-105.56
147586,856,11/24/2008,0,60,40.36345,-105.559991
147587,856,11/24/2008,0,175,40.363225,-105.559991
147616,856,11/24/2008,0,20,40.363466,-105.559991
147626,856,11/24/2008,0,10,40.363508,-105.559991
147615,856,11/24/2008,0,80,40.363583,-105.559983
147603,856,11/24/2008,0,355,40.363525,-105.559975
147617,856,11/24/2008,0,325,40.363266,-105.559975
147584,856,11/24/2008,0,290,40.363458,-105.559966
147591,856,11/24/2008,0,160,40.363566,-105.559966
147604,856,11/24/2008,0,235,40.363466,-105.559966
147623,856,11/24/2008,0,315,40.363558,-105.559966
147624,856,11/24/2008,0,120,40.363466,-105.559966
147590,856,11/24/2008,0,345,40.363616,-105.559958
147629,856,11/24/2008,0,290,40.363491,-105.559958
147589,856,11/24/2008,0,190,40.36365,-105.559925
147606,856,11/24/2008,0,355,40.363683,-105.559925
147630,856,11/24/2008,0,345,40.363258,-105.559925
147594,856,11/24/2008,0,5,40.363425,-105.559891
147608,856,11/24/2008,0,145,40.363575,-105.559891
147611,856,11/24/2008,0,190,40.363641,-105.559866
147588,856,11/24/2008,0,205,40.363966,-105.559825
147619,856,11/24/2008,0,225,40.363533,-105.559775
147609,856,11/24/2008,0,20,40.364075,-105.559675
147672,856,11/25/2008,0,105,40.363441,-105.560175
147669,856,11/25/2008,0,175,40.363441,-105.56015
147658,856,11/25/2008,0,80,40.36355,-105.560141
147646,856,11/25/2008,0,345,40.363675,-105.560125
147663,856,11/25/2008,0,205,40.363583,-105.560083
147670,856,11/25/2008,0,145,40.363508,-105.560083
147631,856,11/25/2008,0,295,40.3634,-105.560075
147645,856,11/25/2008,0,155,40.363675,-105.560066
147654,856,11/25/2008,0,160,40.363458,-105.560066
147666,856,11/25/2008,0,65,40.363391,-105.560058
147652,856,11/25/2008,0,65,40.363541,-105.560041
147656,856,11/25/2008,0,80,40.363425,-105.560041
147674,856,11/25/2008,0,40,40.363508,-105.560033
147667,856,11/25/2008,0,165,40.363391,-105.560025
147635,856,11/25/2008,0,185,40.3638,-105.560016
147649,856,11/25/2008,0,45,40.363441,-105.560016
147647,856,11/25/2008,0,130,40.36355,-105.560008
147661,856,11/25/2008,0,125,40.363441,-105.56
147677,856,11/25/2008,0,325,40.363483,-105.559991
147633,856,11/25/2008,0,45,40.363458,-105.559983
147673,856,11/25/2008,0,20,40.363533,-105.559983
147632,856,11/25/2008,0,300,40.363466,-105.559975
147651,856,11/25/2008,0,55,40.363525,-105.559975
147653,856,11/25/2008,0,65,40.363516,-105.559975
147668,856,11/25/2008,0,5,40.363433,-105.559975
147678,856,11/25/2008,0,265,40.363491,-105.559975
147659,856,11/25/2008,0,195,40.363583,-105.559966
147664,856,11/25/2008,0,35,40.363491,-105.559966
147636,856,11/25/2008,0,100,40.363633,-105.559958
147662,856,11/25/2008,0,315,40.363508,-105.559958
147665,856,11/25/2008,0,290,40.3634,-105.559958
147634,856,11/25/2008,0,325,40.3636,-105.55995
147648,856,11/25/2008,0,215,40.36345,-105.55995
147676,856,11/25/2008,0,150,40.3634,-105.55995
147644,856,11/25/2008,0,70,40.363583,-105.559941
147671,856,11/25/2008,0,150,40.363366,-105.559933
147675,856,11/25/2008,0,340,40.363491,-105.559933
147657,856,11/25/2008,0,95,40.36355,-105.559925
147660,856,11/25/2008,0,220,40.363608,-105.559908
147643,856,11/25/2008,0,295,40.364875,-105.559816
147650,856,11/25/2008,0,75,40.363458,-105.559808
147638,856,11/25/2008,0,15,40.3632,-105.559766
147641,856,11/25/2008,0,190,40.362825,-105.559708
147642,856,11/25/2008,0,100,40.364466,-105.559708
147640,856,11/25/2008,0,320,40.3631,-105.55955
147639,856,11/25/2008,0,145,40.363,-105.5594
147655,856,11/25/2008,0,210,40.363833,-105.559183
147637,856,11/25/2008,1.2,30,40.368083,-105.557266
147688,856,11/26/2008,0,120,40.363733,-105.560675
147697,856,11/26/2008,0,45,40.363225,-105.560508
147716,856,11/26/2008,0,25,40.363825,-105.560341
147685,856,11/26/2008,0,215,40.363225,-105.560208
147699,856,11/26/2008,0,65,40.363475,-105.560191
147706,856,11/26/2008,0,15,40.363183,-105.560158
147690,856,11/26/2008,0,355,40.362866,-105.560133
147704,856,11/26/2008,0,295,40.363483,-105.560133
147701,856,11/26/2008,0,105,40.363566,-105.560108
147679,856,11/26/2008,0,15,40.363516,-105.5601
147710,856,11/26/2008,0,250,40.363558,-105.5601
147683,856,11/26/2008,0,185,40.363475,-105.560091
147725,856,11/26/2008,0,225,40.36355,-105.560091
147686,856,11/26/2008,0,190,40.3632,-105.560083
147702,856,11/26/2008,0,340,40.363516,-105.560066
147715,856,11/26/2008,0,250,40.363533,-105.56005
147680,856,11/26/2008,0,315,40.363508,-105.560041
147721,856,11/26/2008,0,140,40.363466,-105.560033
147694,856,11/26/2008,0,185,40.363483,-105.560025
147703,856,11/26/2008,0,285,40.363566,-105.560016
147711,856,11/26/2008,0,255,40.363508,-105.560016
147712,856,11/26/2008,0,195,40.363616,-105.560016
147687,856,11/26/2008,0,325,40.363133,-105.56
147713,856,11/26/2008,0,305,40.36335,-105.56
147719,856,11/26/2008,0,185,40.363658,-105.56
147681,856,11/26/2008,0,235,40.363541,-105.559983
147693,856,11/26/2008,0,180,40.363491,-105.559983
147709,856,11/26/2008,0,200,40.363483,-105.559983
147717,856,11/26/2008,0,355,40.363558,-105.559975
147718,856,11/26/2008,0,10,40.36375,-105.559975
147722,856,11/26/2008,0,350,40.363508,-105.559975
147684,856,11/26/2008,0,185,40.36355,-105.559966
147707,856,11/26/2008,0,20,40.363575,-105.559966
147708,856,11/26/2008,0,220,40.363608,-105.559966
147726,856,11/26/2008,0,25,40.3635,-105.559966
147720,856,11/26/2008,0,355,40.363508,-105.559958
147724,856,11/26/2008,0,130,40.363466,-105.559958
147692,856,11/26/2008,0,145,40.363516,-105.559941
147723,856,11/26/2008,0,135,40.363358,-105.559925
147682,856,11/26/2008,0,165,40.363508,-105.559916
147696,856,11/26/2008,0,160,40.36355,-105.559916
147714,856,11/26/2008,0,90,40.363566,-105.559908
147691,856,11/26/2008,0,40,40.363658,-105.55985
147695,856,11/26/2008,0,145,40.363266,-105.559833
147705,856,11/26/2008,0,200,40.363766,-105.559825
147698,856,11/26/2008,0,230,40.363483,-105.559766
147689,856,11/26/2008,0,195,40.362908,-105.55975
147700,856,11/26/2008,0,115,40.363408,-105.5596
147733,856,11/27/2008,0,330,40.363075,-105.561625
147755,856,11/27/2008,0,50,40.363175,-105.560341
147745,856,11/27/2008,0,60,40.363475,-105.560308
147770,856,11/27/2008,0,315,40.363558,-105.560308
147754,856,11/27/2008,0,220,40.363158,-105.560275
147735,856,11/27/2008,0,340,40.364025,-105.560258
147753,856,11/27/2008,0,210,40.363141,-105.560241
147750,856,11/27/2008,0,250,40.363391,-105.560166
147744,856,11/27/2008,0,40,40.363433,-105.560141
147734,856,11/27/2008,0,355,40.363641,-105.560125
147766,856,11/27/2008,0,280,40.363608,-105.560125
147742,856,11/27/2008,0,85,40.363416,-105.560108
147741,856,11/27/2008,0,350,40.36365,-105.5601
147763,856,11/27/2008,0,345,40.363725,-105.5601
147761,856,11/27/2008,0,60,40.36355,-105.560066
147772,856,11/27/2008,0,285,40.363516,-105.560066
147738,856,11/27/2008,0,350,40.363441,-105.56005
147728,856,11/27/2008,0,5,40.363516,-105.560033
147729,856,11/27/2008,0,290,40.363525,-105.560033
147765,856,11/27/2008,0,140,40.36345,-105.560033
147731,856,11/27/2008,0,60,40.363608,-105.560025
147740,856,11/27/2008,0,0,40.363633,-105.560025
147730,856,11/27/2008,0,265,40.363583,-105.560016
147748,856,11/27/2008,0,335,40.363483,-105.560008
147749,856,11/27/2008,0,215,40.3635,-105.560008
147727,856,11/27/2008,0,85,40.3635,-105.56
147739,856,11/27/2008,0,355,40.363441,-105.56
147759,856,11/27/2008,0,155,40.363425,-105.56
147737,856,11/27/2008,0,160,40.363425,-105.559983
147762,856,11/27/2008,0,15,40.363675,-105.559983
147757,856,11/27/2008,0,0,40.363508,-105.559975
147751,856,11/27/2008,0,350,40.363383,-105.559966
147760,856,11/27/2008,0,100,40.3636,-105.559966
147768,856,11/27/2008,0,310,40.363475,-105.559958
147758,856,11/27/2008,0,200,40.363541,-105.55995
147746,856,11/27/2008,0,275,40.363475,-105.559916
147756,856,11/27/2008,0,165,40.3636,-105.559916
147764,856,11/27/2008,0,145,40.363275,-105.559891
147743,856,11/27/2008,0,45,40.363658,-105.559875
147736,856,11/27/2008,0,345,40.363016,-105.559866
147732,856,11/27/2008,0,170,40.363641,-105.55985
147747,856,11/27/2008,0,310,40.363466,-105.55985
147752,856,11/27/2008,0,195,40.363983,-105.55975
147767,856,11/27/2008,0,280,40.363525,-105.559516
147771,856,11/27/2008,0,290,40.363283,-105.55945
147769,856,11/27/2008,0,280,40.363358,-105.559041
147811,856,11/28/2008,0,340,40.364308,-105.560316
147773,856,11/28/2008,0,115,40.3635,-105.560283
147787,856,11/28/2008,0,240,40.363575,-105.560183
147798,856,11/28/2008,0,235,40.36355,-105.560133
147776,856,11/28/2008,0,330,40.363683,-105.560125
147805,856,11/28/2008,0,205,40.363641,-105.560125
147820,856,11/28/2008,0,210,40.363583,-105.560125
147791,856,11/28/2008,0,15,40.363425,-105.560116
147807,856,11/28/2008,0,15,40.363341,-105.560108
147793,856,11/28/2008,0,85,40.363658,-105.5601
147818,856,11/28/2008,0,5,40.363533,-105.560091
147777,856,11/28/2008,0,60,40.363525,-105.560066
147806,856,11/28/2008,0,30,40.363433,-105.560066
147813,856,11/28/2008,0,115,40.363575,-105.560066
147809,856,11/28/2008,0,70,40.363275,-105.560058
147816,856,11/28/2008,0,355,40.363516,-105.560058
147786,856,11/28/2008,0,185,40.363608,-105.56005
147778,856,11/28/2008,0,130,40.363675,-105.560041
147795,856,11/28/2008,0,290,40.363425,-105.560033
147808,856,11/28/2008,0,30,40.363475,-105.560033
147779,856,11/28/2008,0,145,40.363491,-105.560016
147780,856,11/28/2008,0,15,40.363491,-105.560016
147815,856,11/28/2008,0,40,40.363466,-105.560016
147783,856,11/28/2008,0,165,40.363516,-105.560008
147797,856,11/28/2008,0,30,40.363516,-105.560008
147810,856,11/28/2008,0,180,40.363683,-105.560008
147801,856,11/28/2008,0,225,40.3635,-105.56
147819,856,11/28/2008,0,30,40.363491,-105.56
147788,856,11/28/2008,0,345,40.363366,-105.559991
147774,856,11/28/2008,0,290,40.363525,-105.559983
147789,856,11/28/2008,0,85,40.363433,-105.559983
147799,856,11/28/2008,0,235,40.363625,-105.559983
147814,856,11/28/2008,0,345,40.363483,-105.559983
147817,856,11/28/2008,0,270,40.363516,-105.559983
147775,856,11/28/2008,0,80,40.363491,-105.559975
147804,856,11/28/2008,0,0,40.363491,-105.559975
147782,856,11/28/2008,0,15,40.363566,-105.559966
147802,856,11/28/2008,0,205,40.363358,-105.559966
147784,856,11/28/2008,0,5,40.363483,-105.559958
147790,856,11/28/2008,0,220,40.363566,-105.559958
147800,856,11/28/2008,0,215,40.363625,-105.559958
147785,856,11/28/2008,0,205,40.363658,-105.559941
147781,856,11/28/2008,0,335,40.363425,-105.559933
147792,856,11/28/2008,0,295,40.363625,-105.559933
147794,856,11/28/2008,0,170,40.363808,-105.559925
147812,856,11/28/2008,0,100,40.363183,-105.559908
147796,856,11/28/2008,0,110,40.363641,-105.559816
147803,856,11/28/2008,0,200,40.363758,-105.5598
147838,856,11/29/2008,1.2,40,40.362066,-105.561491
147851,856,11/29/2008,0,95,40.363158,-105.560475
147861,856,11/29/2008,0,270,40.363616,-105.560241
147835,856,11/29/2008,0,335,40.363733,-105.560183
147830,856,11/29/2008,0,0,40.3638,-105.56015
147845,856,11/29/2008,0,190,40.363383,-105.560141
147836,856,11/29/2008,0,345,40.3639,-105.560133
147856,856,11/29/2008,0,30,40.363433,-105.560133
147846,856,11/29/2008,0,180,40.3634,-105.560125
147850,856,11/29/2008,0,40,40.363441,-105.560125
147864,856,11/29/2008,0,195,40.3635,-105.560108
147827,856,11/29/2008,0,5,40.363466,-105.5601
147858,856,11/29/2008,0,175,40.36345,-105.5601
147842,856,11/29/2008,0,335,40.363416,-105.560091
147862,856,11/29/2008,0,130,40.3636,-105.560091
147868,856,11/29/2008,0,345,40.363541,-105.560075
147839,856,11/29/2008,0,80,40.3634,-105.560066
147857,856,11/29/2008,0,25,40.363408,-105.560058
147843,856,11/29/2008,0,280,40.363483,-105.56005
147844,856,11/29/2008,0,325,40.363416,-105.56005
147853,856,11/29/2008,0,120,40.363525,-105.560041
147828,856,11/29/2008,0,0,40.363458,-105.560033
147848,856,11/29/2008,0,130,40.363541,-105.560033
147863,856,11/29/2008,0,110,40.3635,-105.560033
147826,856,11/29/2008,0,35,40.363491,-105.560025
147834,856,11/29/2008,0,250,40.363683,-105.560025
147847,856,11/29/2008,0,285,40.363508,-105.560025
147859,856,11/29/2008,0,40,40.363516,-105.560025
147822,856,11/29/2008,0,320,40.363583,-105.560016
147852,856,11/29/2008,0,30,40.363458,-105.560016
147854,856,11/29/2008,0,255,40.36355,-105.560016
147840,856,11/29/2008,0,35,40.363533,-105.559991
147860,856,11/29/2008,0,30,40.36345,-105.559991
147824,856,11/29/2008,0,140,40.363575,-105.559975
147855,856,11/29/2008,0,15,40.363283,-105.559975
147833,856,11/29/2008,0,200,40.363558,-105.559966
147865,856,11/29/2008,0,175,40.363458,-105.559966
147823,856,11/29/2008,0,350,40.363508,-105.559958
147832,856,11/29/2008,0,0,40.363283,-105.559958
147849,856,11/29/2008,0,100,40.363408,-105.55995
147825,856,11/29/2008,0,355,40.363533,-105.559941
147821,856,11/29/2008,0,320,40.363516,-105.5599
147867,856,11/29/2008,0,350,40.3632,-105.5599
147829,856,11/29/2008,0,335,40.363308,-105.559841
147831,856,11/29/2008,0,350,40.362533,-105.559841
147841,856,11/29/2008,0,130,40.363466,-105.559833
147866,856,11/29/2008,0,55,40.363466,-105.559733
147837,856,11/29/2008,0,25,40.3636,-105.559633
147887,856,11/30/2008,0,40,40.363458,-105.560291
147875,856,11/30/2008,0,195,40.363725,-105.560116
147882,856,11/30/2008,0,55,40.363466,-105.560116
147913,856,11/30/2008,0,325,40.363533,-105.560108
147916,856,11/30/2008,0,300,40.3634,-105.5601
147883,856,11/30/2008,0,30,40.363458,-105.560075
147909,856,11/30/2008,0,155,40.363516,-105.560075
147871,856,11/30/2008,0,260,40.363541,-105.560066
147878,856,11/30/2008,0,230,40.363708,-105.560066
147876,856,11/30/2008,0,95,40.363558,-105.560058
147902,856,11/30/2008,0,350,40.363616,-105.560058
147873,856,11/30/2008,0,0,40.363691,-105.56005
147881,856,11/30/2008,0,0,40.363483,-105.560033
147905,856,11/30/2008,0,0,40.363483,-105.560033
147910,856,11/30/2008,0,140,40.363541,-105.560033
147915,856,11/30/2008,0,270,40.363408,-105.560033
147888,856,11/30/2008,0,270,40.363508,-105.560025
147892,856,11/30/2008,0,340,40.363741,-105.560016
147886,856,11/30/2008,0,55,40.363533,-105.560008
147900,856,11/30/2008,0,185,40.363525,-105.560008
147907,856,11/30/2008,0,15,40.363508,-105.560008
147884,856,11/30/2008,0,90,40.363383,-105.56
147893,856,11/30/2008,0,255,40.363483,-105.56
147906,856,11/30/2008,0,180,40.363625,-105.56
147885,856,11/30/2008,0,10,40.363616,-105.559983
147899,856,11/30/2008,0,265,40.363575,-105.559975
147901,856,11/30/2008,0,335,40.363508,-105.559975
147912,856,11/30/2008,0,345,40.363508,-105.559975
147890,856,11/30/2008,0,305,40.363525,-105.559966
147872,856,11/30/2008,0,175,40.363533,-105.559958
147880,856,11/30/2008,0,15,40.363583,-105.559958
147908,856,11/30/2008,0,145,40.363516,-105.559958
147869,856,11/30/2008,0,270,40.363516,-105.55995
147877,856,11/30/2008,0,165,40.363508,-105.55995
147897,856,11/30/2008,0,330,40.363441,-105.55995
147898,856,11/30/2008,0,300,40.363575,-105.55995
147904,856,11/30/2008,0,45,40.363608,-105.55995
147874,856,11/30/2008,0,185,40.363541,-105.559941
147895,856,11/30/2008,0,125,40.3635,-105.559941
147894,856,11/30/2008,0,265,40.363575,-105.559916
147870,856,11/30/2008,0,285,40.363583,-105.5599
147879,856,11/30/2008,0,30,40.363475,-105.5599
147891,856,11/30/2008,0,250,40.363625,-105.5599
147911,856,11/30/2008,0,310,40.3634,-105.559875
147903,856,11/30/2008,0,250,40.363591,-105.559816
147896,856,11/30/2008,0,315,40.363358,-105.559783
147889,856,11/30/2008,0,195,40.3635,-105.559741
147914,856,11/30/2008,0,95,40.363508,-105.559566
